{
  "project_info": {
    "project_number": "522380514676",
    "firebase_url": "https://mi-cuisine.firebaseio.com",
    "project_id": "mi-cuisine",
    "storage_bucket": "mi-cuisine.appspot.com"
  },
  "client": [
    {
      "client_info": {
        "mobilesdk_app_id": "1:522380514676:android:871dd35ddf5550fa",
        "android_client_info": {
          "package_name": "com.example.cyntia.micuisine"
        }
      },
      "oauth_client": [
        {
          "client_id": "522380514676-vmmphorptf2hvik7l6fngphn9h7sa5j4.apps.googleusercontent.com",
          "client_type": 1,
          "android_info": {
            "package_name": "com.example.cyntia.micuisine",
            "certificate_hash": "1b6f723c156df89636f017941ad7b042f077f994"
          }
        },
        {
          "client_id": "522380514676-gs5tpqp6o8aok2o6vom1c2d27hvjeinu.apps.googleusercontent.com",
          "client_type": 3
        }
      ],
      "api_key": [
        {
          "current_key": "AIzaSyAkl5wOA9pEla-UbME6_F7eIh2rCpiwG4g"
        }
      ],
      "services": {
        "analytics_service": {
          "status": 1
        },
        "appinvite_service": {
          "status": 2,
          "other_platform_oauth_client": [
            {
              "client_id": "522380514676-gs5tpqp6o8aok2o6vom1c2d27hvjeinu.apps.googleusercontent.com",
              "client_type": 3
            }
          ]
        },
        "ads_service": {
          "status": 2
        }
      }
    }
  ],
  "configuration_version": "1"
}