<?xml version="1.0" encoding="UTF-8" standalone="no"?>
<window xmlns="http://schemas.haulmont.com/cuba/window.xsd" class="com.company.micuisine.web.ExtAppLoginWindow"
        messagesPack="com.company.micuisine.web" extends="/com/haulmont/cuba/web/app/loginwindow/loginwindow.xml">
    <dialogMode height="600" width="800"/>
    <layout>
        <vbox id="loginWrapper">
            <vbox id="loginMainBox">
                <vbox id="loginForm">
                    <button id="loginButton" caption="Iniciar sesion" stylename="colorVerde"/>
                </vbox>
            </vbox>
        </vbox>
        <label id="poweredByLink" value="Mi Cuisine" visible="false"/>
    </layout>
</window>
