<window xmlns="http://schemas.haulmont.com/cuba/window.xsd"
        class="com.company.micuisine.web.ExtAppMainWindow"
        caption="Mi Cuisine">
    <layout expand="horizontalWrap"
            stylename="c-sidemenu-responsive"
            responsive="true">
        <hbox id="horizontalWrap"
              expand="workArea"
              stylename="c-sidemenu-layout"
              width="100%">
            <cssLayout id="sideMenuPanel"
                       height="100%"
                       stylename="c-sidemenu-panel">
                <button id="mobileMenuButton"
                        caption="mainMsg://app.menu"
                        icon="icons/mobile-menu.png"
                        stylename="primary c-sidemenu-toggle"/>
                <hbox id="mobileButtonsBox"
                      stylename="c-sidemenu-mobile-buttons">
                    <newWindowButton id="mobileNewWindowButton"
                                     description="mainMsg://newWindowBtnDescription"
                                     icon="app/images/new-window.png"/>
                    <logoutButton id="mobileLogoutButton"
                                  description="mainMsg://logoutBtnDescription"
                                  icon="app/images/exit.png"/>
                </hbox>
                <hbox id="appTitleBox"
                      spacing="true"
                      stylename="c-sidemenu-title"
                      width="100%">
                    <label id="appTitleLabel"
                           value="MI CUISINE"/>
                </hbox>
                <cssLayout id="sideMenuWrap"
                           stylename="c-sidemenu-wrap">
                    <image id="logoImage"
                           stylename="c-app-icon"
                           align="MIDDLE_CENTER"
                           scaleMode="CONTAIN">
                    </image>
                    <userIndicator id="userIndicator"
                                   width="100%"/>
                    <hbox id="mainButtonsBox"
                          stylename="c-main-buttons">
                        <newWindowButton id="newWindowButton"
                                         description="mainMsg://newWindowBtnDescription"
                                         icon="app/images/new-window.png"/>
                        <logoutButton id="logoutButton"
                                      description="mainMsg://logoutBtnDescription"
                                      icon="app/images/exit.png"/>
                    </hbox>
                    <timeZoneIndicator id="timeZoneIndicator"
                                       width="100%"/>
                    <sideMenu id="sideMenu"
                              sidePanel="sideMenuPanel"
                              sidePanelToggleButton="mobileMenuButton"/>
                    <ftsField id="ftsField"
                              width="100%"/>
                </cssLayout>
            </cssLayout>
            <workArea id="workArea"
                      height="100%">
                <initialLayout margin="true"
                               spacing="true">
                    <label id="welcomeLabel"
                           align="MIDDLE_CENTER"
                           width="100%"
                           stylename="c-welcome-text"
                           value="Mi Cuisine"/>
                </initialLayout>
            </workArea>
        </hbox>
    </layout>
</window>