<?xml version="1.0" encoding="UTF-8" standalone="no"?>
<window xmlns="http://schemas.haulmont.com/cuba/screen/window.xsd"
        caption="Cantidades"
        focusComponent="cantidadsTable"
        messagesPack="com.company.micuisine.web.cantidad">
    <data readOnly="true">
        <collection id="cantidadsDc"
                    class="com.company.micuisine.entity.Cantidad"
                    view="_local">
            <loader id="cantidadsDl">
                <query>
                    <![CDATA[select e from micuisine_Cantidad e]]>
                </query>
            </loader>
        </collection>
    </data>
    <dialogMode height="600"
                width="800"/>
    <layout expand="cantidadsTable"
            spacing="true">
        <filter id="filter"
                applyTo="cantidadsTable"
                dataLoader="cantidadsDl">
            <properties include=".*"/>
        </filter>
        <groupTable id="cantidadsTable"
                    width="100%"
                    dataContainer="cantidadsDc">
            <actions>
                <action id="create" type="create"/>
                <action id="edit" type="edit"/>
                <action id="remove" type="remove"/>
            </actions>
            <columns>
                <column id="peso" caption="Cantidad"/>
            </columns>
            <rowsCount/>
            <buttonsPanel id="buttonsPanel"
                          alwaysVisible="true">
                <button id="createBtn" action="cantidadsTable.create"/>
                <button id="editBtn" action="cantidadsTable.edit"/>
                <button id="removeBtn" action="cantidadsTable.remove"/>
            </buttonsPanel>
        </groupTable>
        <hbox id="lookupActions" spacing="true" visible="false">
            <button action="lookupSelectAction"/>
            <button action="lookupCancelAction"/>
        </hbox>
    </layout>
</window>
