<?xml version="1.0" encoding="UTF-8" standalone="no"?>
<window xmlns="http://schemas.haulmont.com/cuba/screen/window.xsd"
        caption="Editor Cantidades"
        focusComponent="form"
        messagesPack="com.company.micuisine.web.cantidad">
    <data>
        <instance id="cantidadDc"
                  class="com.company.micuisine.entity.Cantidad"
                  view="_local">
            <loader/>
        </instance>
    </data>
    <dialogMode height="600"
                width="800"/>
    <layout expand="editActions" spacing="true">
        <form id="form" dataContainer="cantidadDc">
            <column width="250px">
                <textField id="pesoField" property="peso" caption="Cantidad"/>
            </column>
        </form>
        <hbox id="editActions" spacing="true">
            <button action="windowCommitAndClose"/>
            <button action="windowClose"/>
        </hbox>
    </layout>
</window>
