<?xml version="1.0" encoding="UTF-8" standalone="no"?>
<window xmlns="http://schemas.haulmont.com/cuba/screen/window.xsd"
        caption="Ingredientes"
        focusComponent="ingredientesTable"
        messagesPack="com.company.micuisine.web.ingrediente">
    <data readOnly="true">
        <collection id="ingredientesDc"
                    class="com.company.micuisine.entity.Ingrediente"
                    view="_local">
            <loader id="ingredientesDl">
                <query>
                    <![CDATA[select e from micuisine_Ingrediente e]]>
                </query>
            </loader>
        </collection>
    </data>
    <dialogMode height="600"
                width="800"/>
    <layout expand="ingredientesTable"
            spacing="true">
        <filter id="filter"
                applyTo="ingredientesTable"
                dataLoader="ingredientesDl">
            <properties include=".*"/>
        </filter>
        <groupTable id="ingredientesTable"
                    width="100%"
                    dataContainer="ingredientesDc">
            <actions>
                <action id="create" type="create"/>
                <action id="edit" type="edit"/>
                <action id="remove" type="remove"/>
            </actions>
            <columns>
                <column id="nombre" caption="Nombre Ingrediente"/>
            </columns>
            <rowsCount/>
            <buttonsPanel id="buttonsPanel"
                          alwaysVisible="true">
                <button id="createBtn" action="ingredientesTable.create"/>
                <button id="editBtn" action="ingredientesTable.edit"/>
                <button id="removeBtn" action="ingredientesTable.remove"/>
            </buttonsPanel>
        </groupTable>
        <hbox id="lookupActions" spacing="true" visible="false">
            <button action="lookupSelectAction"/>
            <button action="lookupCancelAction"/>
        </hbox>
    </layout>
</window>
