<?xml version="1.0" encoding="UTF-8" standalone="no"?>
<window xmlns="http://schemas.haulmont.com/cuba/screen/window.xsd"
        caption="Recetas"
        focusComponent="recetasTable"
        messagesPack="com.company.micuisine.web.receta" xmlns:chart="http://schemas.haulmont.com/charts/charts.xsd">
    <data readOnly="true">
        <collection id="recetasDc"
                    class="com.company.micuisine.entity.Receta"
                    view="_local">
            <loader id="recetasDl">
                <query>
                    <![CDATA[select e from micuisine_Receta e]]>
                </query>
            </loader>
        </collection>
        <collection id="recetasPorDia" class="com.company.micuisine.entity.RecetasPorDia" view="_local"/>
    </data>
    <dialogMode height="600"
                width="800"/>
    <layout expand="scrollBox" spacing="true">
        <scrollBox id="scrollBox" spacing="true">
        <filter id="filter"
                applyTo="recetasTable"
                dataLoader="recetasDl">
            <properties include=".*"/>
        </filter>

        <groupTable id="recetasTable"
                    width="100%"
                    dataContainer="recetasDc">
            <actions>
                <action id="create" type="create"/>
                <action id="edit" type="edit"/>
                <action id="remove" type="remove"/>
            </actions>
            <columns>
                <column id="categoria" caption="Categoría"/>
                <column id="nombre" caption="Nombre"/>
                <column id="personas" caption="Comensales"/>
                <column id="duracion" caption="Duración"/>
                <column id="preparacion" caption="Preparación"/>
                <column id="visitas" caption="Visitas"/>
                <column id="consejos" caption="Consejos"/>
                <column id="uri" caption="Fotos"/>
                <column id="fechaCreacion" caption="Fecha Creación"/>
            </columns>
            <rowsCount/>
            <buttonsPanel id="buttonsPanel"
                          alwaysVisible="true">
                <button id="createBtn" action="recetasTable.create"/>
                <button id="editBtn" action="recetasTable.edit"/>
                <button id="removeBtn" action="recetasTable.remove"/>
            </buttonsPanel>
        </groupTable>
        <hbox id="lookupActions" spacing="true" visible="false">
            <button action="lookupSelectAction"/>
            <button action="lookupCancelAction"/>
        </hbox>
            <buttonsPanel><label id="label" height="30px" width="200px" value="Visitas de las recetas" icon="EYE"/></buttonsPanel>

            <chart:pieChart id="pieChart"
                            angle="30"
                            depth3D="15"
                            dataContainer="recetasDc"
                            height="200px"
                            titleField="nombre"
                            valueField="visitas"
                            width="100%">
            <chart:legend autoMargins="false"
                          marginRight="80"
                          markerType="CIRCLE"
                          position="RIGHT" />
            <chart:balloon fixedPosition="true"/>
            <chart:export/>
        </chart:pieChart>
            <buttonsPanel><label id="label2" height="30px" width="200px" value="Recetas creadas al dia" icon="NEWSPAPER_O"/></buttonsPanel>
            <chart:serialChart id="column3d"
                               angle="30"
                               categoryField="fecha"
                               dataContainer="recetasPorDia"
                               depth3D="60"
                               height="300px"
                               plotAreaFillAlphas="0.1"
                               startDuration="2"
                               theme="LIGHT"
                               width="100%">
                <chart:categoryAxis gridPosition="START"/>
                <chart:valueAxes>
                    <chart:axis position="LEFT"
                                stackType="BOX_3D"
                                title="Recetas por día"
                                />
                </chart:valueAxes>
                <chart:graphs>
                    <chart:graph balloonText="Recetas creadas el [[category]] : &lt;strong&gt;[[value]]&lt;/strong&gt;"
                                 fillAlphas="0.9"
                                 lineAlpha="0.2"
                                 type="COLUMN"
                                 valueField="cantidadRecetas"/>
                </chart:graphs>
                <chart:export/>
            </chart:serialChart>

        </scrollBox>
    </layout>
</window>
