<?xml version="1.0" encoding="UTF-8" standalone="no"?>
<window xmlns="http://schemas.haulmont.com/cuba/screen/window.xsd"
        caption="Editor Recetas"
        focusComponent="form"
        messagesPack="com.company.micuisine.web.receta">
    <data>
        <instance id="recetaDc"
                  class="com.company.micuisine.entity.Receta"
                  view="receta-view">
            <loader/>
            <collection id="listaIngredientesDc" property="listaIngredientes"/>
            <collection id="listaCantidadDc" property="listaCantidad"/>
        </instance>
    </data>
    <dialogMode height="600"
                width="800"/>
    <layout expand="scrollBox" spacing="true">
        <scrollBox id="scrollBox" spacing="true">
            <form id="form" dataContainer="recetaDc">
                <column width="250px">
                    <lookupField id="categoriaField" property="categoria" caption="Categoría" editable="false"/>
                    <textField id="nombreField" property="nombre" caption="Nombre" editable="false"/>
                    <textField id="personasField" property="personas" caption="Comensales" editable="false"/>
                    <textField id="duracionField" property="duracion" caption="Duración" editable="false"/>
                    <textField id="preparacionField" property="preparacion" caption="Preparación" editable="false"/>
                    <textField id="visitasField" property="visitas" caption="Visitas" editable="false"/>
                    <textField id="consejosField" property="consejos" caption="Consejos" editable="false"/>
                    <textField id="uriField" property="uri" caption="Fotos" editable="false"/>
                    <dateField id="fechaCreacionField" property="fechaCreacion" caption="Fecha Creación"
                               editable="false"/>
                    <pickerField id="usuario" dataContainer="recetaDc" caption="Usuario" property="usuario"
                                 editable="false">
                        <actions>
                            <action id="lookup" type="picker_lookup"/>
                            <action id="clear" type="picker_clear"/>
                        </actions>
                    </pickerField>
                </column>
            </form>
            <split orientation="horizontal" width="600px">
                <groupBox id="listaIngredientesBox" caption="Lista Ingredientes">
                    <table id="listaIngredientesTable" dataContainer="listaIngredientesDc" width="257px" height="300px">
                        <actions>
                            <action id="add" type="add"/>
                            <action id="exclude" type="exclude"/>
                        </actions>
                        <columns>
                            <column id="nombre" caption="Ingrediente"/>
                        </columns>
                        <buttonsPanel id="buttonsPanel" visible="false">
                            <button action="listaIngredientesTable.add"/>
                            <button action="listaIngredientesTable.exclude"/>
                        </buttonsPanel>
                    </table>
                </groupBox>
                <groupBox id="listaCantidadBox" caption="Cantidad">
                    <table id="listaCantidadTable" dataContainer="listaCantidadDc" width="100%" height="300px">
                        <actions>
                            <action id="add" type="add"/>
                            <action id="exclude" type="exclude"/>
                        </actions>
                        <columns>
                            <column id="peso" caption="Cantidad"/>
                        </columns>
                        <buttonsPanel id="buttonsPanel_1" visible="false">
                            <button action="listaCantidadTable.add"/>
                            <button action="listaCantidadTable.exclude"/>
                        </buttonsPanel>
                    </table>
                </groupBox>
            </split>
        </scrollBox>
        <hbox id="editActions" spacing="true">
            <button action="windowCommitAndClose"/>
            <button action="windowClose"/>
        </hbox>
    </layout>
</window>
