<?xml version="1.0" encoding="UTF-8" standalone="no"?>
<window xmlns="http://schemas.haulmont.com/cuba/screen/window.xsd"
        xmlns:chart="http://schemas.haulmont.com/charts/charts.xsd"
        caption="Usuarios"
        focusComponent="usuariosTable"
        messagesPack="com.company.micuisine.web.usuario">
    <data readOnly="true">
        <collection id="usuariosDc"
                    class="com.company.micuisine.entity.Usuario"
                    view="_local">
            <loader id="usuariosDl">
                <query>
                    <![CDATA[select e from micuisine_Usuario e]]>
                </query>
            </loader>
        </collection>
        <collection id="recetasPorUsuariosDc" class="com.company.micuisine.entity.RecetasPorUsuario"/>
    </data>
    <dialogMode height="600"
                width="800"/>
    <layout expand="scrollBox" spacing="true">
        <scrollBox id="scrollBox" spacing="true">
        <filter id="filter"
                applyTo="usuariosTable"
                dataLoader="usuariosDl">
            <properties include=".*"/>
        </filter>
        <groupTable id="usuariosTable"
                    width="100%"
                    dataContainer="usuariosDc">
            <actions>
                <action id="create" type="create"/>
                <action id="edit" type="edit"/>
                <action id="remove" type="remove"/>
            </actions>
            <columns>
                <column id="nombre" caption="Nombre"/>
                <column id="apellidos" caption="Apellidos"/>
                <column id="email" caption="Correo Electrónico"/>
                <column id="telefono" caption="Teléfono"/>
            </columns>
            <rowsCount/>
            <buttonsPanel id="buttonsPanel"
                          alwaysVisible="true">
                <button id="createBtn" action="usuariosTable.create"/>
                <button id="editBtn" action="usuariosTable.edit"/>
                <button id="removeBtn" action="usuariosTable.remove"/>
            </buttonsPanel>
        </groupTable>

        <buttonsPanel><label id="label2" height="30px" width="200px" value="Recetas por Usuario" icon="LIST_ALT"/></buttonsPanel>
        <chart:serialChart id="column"
                           angle="30"
                           categoryField="usuario"
                           dataContainer="recetasPorUsuariosDc"
                           depth3D="60"
                           height="300px"
                           plotAreaFillAlphas="0.1"
                           startDuration="2"
                           theme="LIGHT"
                           width="100%">
            <chart:categoryAxis gridPosition="START"/>
            <chart:valueAxes>
                <chart:axis position="LEFT"
                            stackType="BOX_3D"
                            title="Número Recetas"
                />
            </chart:valueAxes>
            <chart:graphs>
                <chart:graph balloonText="Recetas creadas por [[category]] : &lt;strong&gt;[[value]]&lt;/strong&gt;"
                             fillAlphas="0.9"
                             lineAlpha="0.2"
                             type="COLUMN"
                             valueField="cantidadRecetas"/>
            </chart:graphs>
            <chart:export/>
        </chart:serialChart>

        <hbox id="lookupActions" spacing="true" visible="false">
            <button action="lookupSelectAction"/>
            <button action="lookupCancelAction"/>
        </hbox>
        </scrollBox>
    </layout>
</window>
