<?xml version="1.0" encoding="UTF-8" standalone="no"?>
<window xmlns="http://schemas.haulmont.com/cuba/screen/window.xsd"
        caption="Editor Usuarios"
        focusComponent="form"
        messagesPack="com.company.micuisine.web.usuario">
    <data>
        <instance id="usuarioDc"
                  class="com.company.micuisine.entity.Usuario"
                  view="_local">
            <loader/>
        </instance>
    </data>
    <dialogMode height="600"
                width="800"/>
    <layout expand="editActions" spacing="true">
        <form id="form" dataContainer="usuarioDc">
            <column width="250px">
                <textField id="nombreField" property="nombre" caption="Nombre" editable="false"/>
                <textField id="apellidosField" property="apellidos" caption="Apellidos" editable="false"/>
                <textField id="emailField" property="email" caption="Correo Electrónico" editable="false"/>
                <textField id="telefonoField" property="telefono" caption="Teléfono" editable="false"/>
            </column>
        </form>
        <hbox id="editActions" spacing="true">
            <button action="windowCommitAndClose"/>
            <button action="windowClose"/>
        </hbox>
    </layout>
</window>
