<?xml version="1.0" encoding="UTF-8"?>
<beans xmlns="http://www.springframework.org/schema/beans"
       xmlns:context="http://www.springframework.org/schema/context"
       xmlns:gui="http://schemas.haulmont.com/cuba/spring/cuba-gui.xsd">

    <!-- Annotation-based beans -->
    <context:component-scan base-package="com.company.micuisine"/>
    
    <gui:screens base-packages="com.company.micuisine.web"/>
    <bean class="com.haulmont.cuba.web.sys.remoting.WebRemoteProxyBeanCreator">
        <property name="remoteServices">
            <map>
                <entry key="micuisine_ConsultaDatosService" value="com.company.micuisine.service.ConsultaDatosService"/>
            </map>
        </property>
    </bean>

</beans>