<?xml version="1.0" encoding="UTF-8" standalone="no"?>
<views xmlns="http://schemas.haulmont.com/cuba/view.xsd">

    <view entity="micuisine_Cantidad" name="cantidad-view" extends="_local">
        <property name="recetas" view="_minimal">
            <property name="categoria"/>
            <property name="personas"/>
            <property name="duracion"/>
            <property name="preparacion"/>
            <property name="visitas"/>
            <property name="consejos"/>
            <property name="uri"/>
            <property name="fechaCreacion"/>
            <property name="listaIngredientes" view="_minimal"/>
            <property name="listaCantidad" view="_minimal"/>
            <property name="usuario" view="_minimal"/>
        </property>
    </view>
    <view entity="micuisine_Ingrediente" name="ingrediente-view" extends="_local">
        <property name="recetas" view="_minimal">
            <property name="categoria"/>
            <property name="personas"/>
            <property name="duracion"/>
            <property name="preparacion"/>
            <property name="visitas"/>
            <property name="consejos"/>
            <property name="uri"/>
            <property name="fechaCreacion"/>
            <property name="usuario" view="_minimal"/>
            <property name="listaIngredientes" view="_minimal">
                <property name="recetas" view="_minimal"/>
            </property>
            <property name="listaCantidad" view="_minimal"/>
        </property>
    </view>
    <view entity="micuisine_Receta" name="receta-view" extends="_local">
        <property name="listaIngredientes" view="_minimal"/>
        <property name="listaCantidad" view="_minimal"/>
        <property name="usuario" view="_minimal">
            <property name="apellidos"/>
            <property name="email"/>
            <property name="telefono"/>
        </property>
    </view>
    <view entity="micuisine_Usuario" name="usuario-view" extends="_local">
        <property name="lista" view="_minimal"/>
    </view>
</views>